elapsed_time,num_reqs,num_reqs_per_sec,min_req_time,max_req_time,avg_req_time,200,302,500,502,not recognised
0,9,1.8,188.18,238.42,198.6497,9,,,,
5,11,2.2,177.228,220.488,194.1921,11,,,,
10,4,0.8,181.444,232.449,200.4742,4,,,,
15,3,0.6,185.271,214.572,198.9193,3,,,,
20,9,1.8,180.364,218.583,192.1329,9,,,,
25,9,1.8,179.198,225.354,196.7543,9,,,,
30,6,1.2,178.245,223.373,195.6543,6,,,,
35,2,0.4,178.958,188.179,183.5685,2,,,,
40,5,1.0,182.818,226.755,197.8448,5,,,,
45,13,2.6,184.554,206.079,193.4249,11,,,1,1
50,2,0.4,190.167,193.979,192.073,2,,,,
55,3,0.6,177.877,189.165,184.8687,2,,1,,
60,3,0.6,187.595,191.694,189.188,3,,,,
65,1,0.2,184.703,184.703,184.703,1,,,,
70,5,1.0,186.323,220.997,196.5322,4,1,,,
75,3,0.6,196.429,197.813,197.002,3,,,,
80,1,0.2,199.809,199.809,199.809,1,,,,
85,3,0.6,180.337,200.766,189.4543,2,1,,,
90,7,1.4,178.282,310.234,206.8179,7,,,,
